{
  "2026-05-03": 157.350578,
  "_last_known": 157.350578
}